full_text,sentiment
kemaren nonton exhuma setuju review moots2ku kl filmnya gak serem feeling gak nyaman terussss nonton tuh berasa capeknya gatau brp menghela napas 2 jam nonton,negative
semalem nonton exhuma nonton baiknya baca2 review jelasin jg sejarah jeoang korea pasak rubah harimau dkk ga serem hantu2 gmn tegang mah lee hyun 7 10,positive
review singkat exhuma 2024 7 5 10 rekomen temen temen nyari film horror slowburn minim jumpscare,positive
review film horor exhuma tau medsos gw kebayang2 predesesornya wailing gw males nontonya khawatir plot muntir2 capek wkwkw nonton film beda tipe film horor kesukaan gw,negative
tergantung filmnya exhuma liat review 4d seru tempatku ga pake kacamata layarnya 2d takutnya over react lumayan 90rebu hehehe,positive
fans exhuma alay review kecewa ngatain fomo ngga ngerti so we re not allowed have personal opinion now,negative
kadang suka lucu liat org review film susah ditemuin cacat ga cmn exhuma nonton enjoy film kesalahan lgsg catet inget2 rispek standar dlm nentuin bagus ngga film wk wk wk,neutral
plis review film exhuma lupa jujur ga nonton film,neutral
nyokap mager nonton bioskop liat exhuma bener2 fokus sampe fokus dengerin review sejarahnya baca wkwk keren,positive
review nonton exhuma kalinya uda ga takut kaya kaki gemeter dikit teori kebuka jd ga bingung lg,positive
hmm review exhuma barusan rame kurang update,negative
review choi san film exhuma penakut sampe gamau nonton saranin nonton beneran gak takut kerasa takutnya gak nutup mata nonton intinya serem gaes,negative
review exhuma menurutku rating menurutku 9 10 d 1 main suara bgm 2 alurnya lumayan ruwet dimasak yaaa bagus 3 jumpscare lumayan ngagetin 4 plot hole akunya ga fokus ac cgv merinding alias dingin,positive
review film exhuma seru jujur suka korea trus suka horror jg 9 10 sihh trus better sblm nnton kepoin tuh sinopsisnya penjelasan latarnya biar nangkep isi filmnya jg enak,positive
mirrr laporan review exhuma 4d kerennnnnnnn,positive
tengok review exhuma de jumpscare lahhh nyahhh tengok je,negative
55555 review exhuma terkocak akal,positive
maunya ketebak lahiran kubur gentayangan ending tunggu review exhuma,neutral
bintang 5 ternganga film my review exhuma on letterboxd,positive
exhuma 2024 luka sembuh bekasnya review,neutral
tunggu nonton exhuma review,neutral
bagus banged visual nyaa layak versi imax cerita ga ribet pa kades suka bingung film tokoh ngga great movie review exhuma on letterboxd,positive
review abal abal check exhuma 11 10 horrornya sukaa hantu takut gorenya kerenn darahnya baguss lagu suasananya merinding ngerii disaranin baca teori exhuma nonton biar paham komedi tipis serius wkwk,positive
kritik exhuma dianggep bodoh males mikir selera exhuma ngaku genre horror gak berhasil mengeksekusi misgenre mystery historical review lulusan sastra,negative
exhuma 2024 honest review 7 10 hairan cerita hantu korea mmg xda suspend trill plot twist hujung2 hantunya xda kaitan keluarga kena rasuk kind ermm pergilah tengok nak,positive
my personal review exhuma nonton film ngerasa vibes bagus banget ya kaya ktj pocong gundul kearifan south korea serem ala exorcist final boss dilihatin wujud siluman raksasanya berasa ktj pocong gundul final boss fight ala darksoul,positive
badarawuhi didalam lawan siksa kubur diluar lawan exhuma gokil,neutral
review film exhuma,neutral
i m planning watch exhuma alone tomorrow temen ga seserem liat tweet review org2 knp kyk serem serem engga,negative
untungnya nda liat review exhuma diajak nonton dadakan seru menikmati filmnya ilysm lee dohyun maaf lim jiyeon,positive
exhuma review by me menurutku film overrated gak seram siluman enak dipandang real berani ngeliat tutup mata silumannya plot ceritanya maksa menurutku,negative
penasaran bgtt nonton 4dx kmaren liat review tiktok nntn exhuma 4dx even bau mayat bau darah anjir,negative
review exhuma minusnya dlu ngl cringe dikit fafifu nasionalismenya but i ve seen worse in some korean webnovels,negative
jujurr review exhuma benar2 terbantu paham ceritanya terima kasih reviewer heheh,positive
review exhuma 9 10 dohyun cakep bgttttt,positive
review exhuma seru mw nonton,positive
review exhuma ku selidiki teorinya wkwk,neutral
nonton film exhuma seru berasa belajar sejarah peperangan blogger review korea movies,positive
review exhuma jujur sampe gw ekspektasi filmnya nonton bener2 dibikin ngerasa doang bagusan wailing pls,negative
nntn youtuber2 review exhuma stelah tdak kena spoiler jd mo nnton ihhh liat detail2ny,neutral
nak tengok exhuma review seram cakap seram curious penat penakut penuh curiosity ni,negative
halo kepengen nonton exhuma krn belom nontonn huhu lg buka sosmed ngehindarin tweet vt film spoiler belom tonton trs film review sutradara2 sineas indo jd film korea aku‐,neutral
san review exhuma mati,negative
review exhuma bagus 8 10 2 dukun cenayang sepintas kepikiran remake indo sara wijayanto damian,positive
nonton exhuma liat review samain wailing samanya dukun plot twist ending,neutral
kak liat review exhuma san wkwk,neutral
nonton exhuma krn reviewnya bagus turns out baca review,positive
review choi san film exhuma seru ga serem aslinya serem tidur susah tidur lelap beneran serem tertidur pulas intinya seram engga,positive
alih alih meninggal pemakaman sejatinya exhuma by jang jae hyun review,neutral
exhuma review gatau gw kebanyakan dpt spoiler gmn i waa expecting more than this personal rate gw 8 7 jujur keren akting go eun damn lee dohyun i can t take my eyes off you,positive
ak suka akting lee dohyun kim go eun drama nonton layar lebar exhuma booming jujur penasaran nonton samsek kesampean liat review temen² x kepengen nonton pls smg menang exhuma,positive
watching 4dx s exhuma it s truly worth movie sense nontonnya sampe tuh kebayang segimana merindingnya jumpscare but instead iconic horror scenes seru gak ditonton 1x nagih quick review w o spoiler,positive
review nonton exhuma dongggg bujjer yaa plssss,neutral
pengen nonton exhuma liat review bagus belom kesampean beneran bokek,positive
nanya org penakut bener2 penakut penyakit jantung ga ntn mvs exhuma baca review org2 seru takut bnyk jumpscare tia,negative
pengen nonton liat review temenku nonton bagus recommended liat app ratingnya penasaran huhu semoga beneran liat exhuma,positive
review film exhuma horor okultisme amp sejarah traumatis korea jepang,neutral
pengen nonton exhuma penasaranbgt review bagus list film wajib ditonton liat acting lee dohyun mbah dukunn,positive
pengen baca2 review exhuma ga sempet nonton,neutral
nonton exhuma 4dx pakuwon jogja worth gak yaa baca review tiktok seoke 4dx ’,neutral
ih baca review review serem sampe merinding kukubur nonton exhuma wkwkwk,neutral
tlong review exhuma soalny mw nntn tkut serem,negative
bangett penasaran experience 4dx cgv tau exhuma 4dx fixxx pengen bangett ngerasain 4dx film exhuma liat review nonton 4dx pengen wml,neutral
brusan lewt review exhuma 4dx jdi pengen nyobain nntn exhuma 4dx,neutral
dibahas intinya kek kuburannya berlapis konfliknya penjajahan jepang org kaya korea pengkhianat bangsa turunannya ga korea fengshui buddhism dunia pershamanan wajar review bagus mana2 exhuma,positive
nonton lg nonton telat teater alesan nonton exhuma jg dohyun kunciran astaga cakep alurnya jg suka nagih ditonton 1x versi 4d baca review jg experiencenya seru,positive
review exhuma 4dx besookkk,neutral
tbh ditunggu review exhuma ny,neutral
nonton exhuma jujurrr penasaran ceritanya pengen liat duet dohyun x goeun dukun baca review orang² seruuu wish me luckkk tix reg domku gaada 4dx,positive
nonton review spoiler analisis film apapun exhuma,neutral
nonton exhuma 2x pengen nonton pengen coba 4dx liat review ” seru kayaknya pengen nonton kalinya paham sejarah konflik background film liat seruuu,positive
nonton exhuma belommmm review,neutral
aseli filmnya worthy tonton 1 segi alur cerita nambah wawasan pemain deserve recognition amp hype and not mention pd and all team that involved in making exhuma deserve all good reviews and rating,positive
liat review nonton exhuma 4d kecium bakar bakar peti mati mati kos,negative
review film exhuma kisah horor dukun korea laris bioskop indonesia,positive
suruh review exhuma 1 ganteng,neutral
liat review revenant gabisa bandingin parnoan nonton exhuma maju mundur nonton,neutral
gegara ngmgin exhuma ank2 kntor ak jd baca review medium trs bandingin dukun thai dukun indo ktnya kl dukun thai bnyk spesialisasi klo dukun indo cm 1 amp smua jobdesc sianjay bersaing scr global persaingankualitastenagakerja,neutral
revenant exhuma serem kira2 butuh review jujur pls krn pengen nonton rumah,neutral
exhuma review bagus,positive
nonton jg tdinya gamau ntn takut baca review ” org pd blg bagus jd penasaran ga seserem menegangkan mencekam lee dohyun amp kim goeun actingnya keren pol smpe ngira goeun dukun beneran rate 8 5 10 exhuma leedohyun kimgoeun,positive
review exhuma sepenuhnya review cuman cerita ajh,neutral
review tiktoker malaysia pasal movie exhuma review best setakat ni mantappp macehhh review filem ggone,positive
exhuma seru ga siii nonton honest review,positive
tarik ulur nonton exhuma baca review psikologi persis kayak film horror parnoan kepikiran terbawa dunia nyata mengurungkan niat ga ga nonton,negative
review jujur exhuma “ lee hyun ganteng bole seganteng maz ” oke,positive
review film exhuma thread kalinya menunggu adik ku nobar bareng film tonton adlh exhuma lg ramai ditonton mecapai 1 2 m penonton why,neutral
seru exhuma huaaaa mmg qt percaya sj dibanding review kaum sok edgy n pick me,positive
liat review exhuma bagus mo nonton gass,positive
uda nonton exhuma pls review,neutral
awoakowkwowk alasan nonton exhuma lee dohyun review film horror diajak mikir penasaran ku tonton beneran mikir seru bat sumpah ngehubungin benang merahnya,positive
4dx aaaaaaaaa nonton ga kepikiran cek 4dx bioskop full beli tiketnya berasa war krs siangnya timeline review nonton exhuma 4dx,neutral
dohyun kadang san yaa jg oleng ganteng dohyun semoga cerita live review nnton exhuma wwkwk,neutral
exhuma promosi indonesia nonton aktor fans percaya klo film drama bagus upload2 tiktok review boom org2 penasaran trus nonton,positive
pengen nonton exhuma deehh review muts,neutral
krn review exhuma bagus nonton,positive
nanyain temenku nonton exhuma blm tertarik dikit gara2 tdi baca trit review aslinya ak ga suka horror,negative
contoh modernisasi film exhuma review speaker mic ritual nunjukin dukun kekinian era milenial gen z ngga tampilan visual doang,positive
byk review exhuma menonton,neutral
sebenernya bermodalkan baca review mentemen nonton exhuma pede pede nonton gak takut hilang,neutral
review exhuma mager,negative
bismillah 4dx terima kasih ga kakk been talking about exhuma in my priv film horor sesuka detailnya kerenn baca teori teori liat review 4dx pengen rewatch,positive
liat review exhuma ngecamp kesurupan hantu tentara,neutral
more interesting this thread coming from ava wonbin jd tercerahkan kmrn beraniin nnton exhuma krn bnyk blg plot storynya bagus tnpa liat review trailer dlu turns out indeed we watched exhuma for plot and history itself like jjang mantap,positive
dh review exhuma nnti tgk ye,neutral
review singkat exhuma cerita gak paham dikit skill acting casts juaraaaa,positive
review nonton exhuma lee dohyun,neutral
review spertinya aman nonton exhuma wish me luck hahahah,positive
nulis review exhuma medium ngerasa tulisan ku takut share wkwk,neutral
review ttng exhuma,neutral
review wailing karna bandingin exhuma serem imo storyline tetep bagusan exhuma sampe konsisten bagus wailing endingnya bengong kesel dikit karna ga clear,positive
kmrn nonton exhuma review hehe bagus gais 100 100 akting aktor aktrisnya beuhh parahh gausah diragukann cuci mata liat kim dohyun cakep trs horrornya dapet sampe bener2 deg2an trs,positive
iih review 4dx exhuma nonton ulang,neutral
review exhuma,neutral
gila diserang exhuma loyalist cm gr2 bilang “ gak serem ” gak serem baca review horror slow burn nyakitin pikiran gak nyakitin pikiran,negative
liat review kayaknya seru nonton exhuma 4d pengen nonton versi 4d ihhh,positive
nonton exhuma skip review cuplikan gt tiktok bahas filmnya nonton butuh woii krn ga dicerna lgsg nonton kek ngang ngong dikit tetep speechless krn sebagus ituu,positive
review exhuma nonton 5x 3 jaringan bioskop berbeda nonton dolby atmos ngerasain experience nonton 4dx spoiler alert prolog kimgoeun gada obat buset nonton berkalikali gabosen liatnya wajahnya layar nyebut “ cantik ”,positive
review exhuma opini pribadi yes ggone cantik sebenernya my kinda type horror karna genrenya more like mystic history tertarik tema sejarah perdukunan okelah,positive
menolah review spoileran exhuma mo nonton sendiriiiiiiiiiiiiiii,neutral
sp uda nonton exhuma 4dx pls review besok pgn nonton,neutral
review exhuma 8 10 not bad kyk kureng salfok hwarim cantik bgtt,positive
wkwkwkwk jujur kaget dikit liat review 7 10 exhuma,negative
ngga suka horror spoiler review exhuma keknya menarik,positive
males ngetiknya review exhuma,negative
lihat review exhuma hahaha,neutral
serubgttt review exhuma plss,positive
penasaran liat orang2 review exhuma gak suka genre horror aman gak,neutral
gw review lengkap exhuma bagus ,positive
i saw exhuma haritu cerita takdakla wow sangat…macam dok review story was good but not thaaaat good i saw other korean movies better than her…,positive
review nonton exhuma,neutral
yeorobun nonton exhuma ngga review horornya,neutral
nonton review youtube komen filmnya jelek akunnya bodong curiga buzzer2 film horror indo gak nonton exhuma wkwk,negative
keiii exhuma worth watch yaa penasaran rencananya mingdep nonton review hehe,positive
gw nonton exhuma cgv oke oke review dohyun ngerukiyah kerennya intens sound and bgm bagus gak overuse klasik jumpscere horor lbh mistik jd referensi folklorenya byk keliatan lbh seger,positive
review film exhuma kungfu panda review exhuma oke rewatch khusyuk ngeklik plotnya bagus,positive
okay exhuma review penakut exhuma menyeramkan opsi tuh ngeri setan loohh kaya nonton incantation medium tuh,negative
nonton exhuma besok nonton filmnya review lengkapnya,neutral
mvs exhuma review baguss tipikal horor atmosferik mencekam minim jumpscare plot layeringnya beneran konsisten ngebuat penonton cemas sampe film lubang plot bingung akting sinematografi amp scoring juara cont,positive
review exhuma bagus suka ga serem samsek amp ga jumspcare naksir actingnya go eun amp dohyun huhuw krn liat drama tetep penasaran exhuma versi 4dx kayanya kebih pecahnhh,positive
review exhuma brb,neutral
review nonton exhuma alur filmnya kompleks fokus nyimak ceritanya kelewat dikit buyar ga mudeng alurnya,positive
liat review tiktod pengen nonton exhuma weh,neutral
review exhuma sedih gw nangis,negative
duh jujur bioskop nonton exhuma review 7 10 alias ngga vibes seserem like pls dont over react sumpah awa sampe film mutilasi gengs film dukun horor,negative
review exhuma tl dadakan mutusin nonton,neutral
nulis review exhuma jatuhnya cerita pengalaman nonton wkwk,neutral
tunggu nonton exhuma nnti ku review y bagus wkwkk,positive
exhuma review bagus buktikan dont dissapoint me,neutral
gw review exhuma nonton,neutral
pengen nonton exhuma dehh review nontonn,neutral
seret nonton exhuma skrang ngidam nonton horror anjirrr awal²nya krn dohyun ganteng liat review pen nonton krn kaitannya sejarah jepang korea lg ambil matkul studi asia timur arghhh mo nontonnnn‍,positive 
lupa review exhuma overall 9 10 wargh ceritanya beneran ketegangannya turun bab dibuka tenang klimaksnya dibangun pelan pelan sampe boom akting pemainnya beneran chef kiss,positive 
ndes review exhuma cocok nonton ga,neutral
nonton exhuma ga butuh review,neutral
butuh review exhuma serem engga karna gw orangnya takutan penasaran exhuma,neutral
review exhuma ak baca ngakak bilang kayak 2 plot terpisah ga ngegabungin plot jenderal keluarga park like you even watch movie,positive 
ngeliat rebiew review exhuma medsos,neutral
sp mw ak review exhuma,neutral
oyi rek mending exhuma opo pemandi jenazah honest review pls,neutral
review exhuma 2024 film dikemas rangkaian misteri gaya penceritaan merunut bagiannya rapi berhasil film horor favorit tipikal film horor seremnya dibangun perlahan,positive 
liat review exhuma tiktok merinding pengen nonton,neutral
film exhuma mulu jir review gw pengen nonton,neutral
ekspetasi grgr review org exhuma smpe nonton 4dx taunya gtu seru gak 1000 10 jg,positive 
review film horor epic gw tonton viral karna exhuma,positive 
review exhuma lee dohyun ganteng ajg pls jd pacarku‍,neutral
review exhuma sbg penakut nonton “ horror ” bioskop mnrtku film worth watch karna trnyata ga horror indo gtu tpi thriller imo setannya ga kaget film sedih ketawa serem jugaa,positive 
review exhuma salfok dohyun ganteng pol + go eun cantik pol,positive 
exhuma menurutku rating 3 5 review,negative 
review exhuma nunggu males,negative 
review jjur exhuma hmz trauma 10 skali ga nonton pls bagus bkin trauma editan rubahnya mnurut nyata kyk ftv sisanya bagus,positive 
nonton horror review exhuma bagus,positive 
review exhuma in 4dx overall sangatt seruu ngerasain dukun ritual tanah dicangkul cangkul ditonjok siluman ngerasain tegangnya tokoh ketemu hantu silumannya realll worth it bgtt,positive 
review filem exhuma filem seram box office korea 2024 hangpa wajib tonton exhuma leedohyun kimgoeun korea horror sembangentertainment sembangmovie hanshanis rollodepelicula,positive 
review exhuma kayana penikmat thriller horror penakut 9 10,positive 
aaaaaaaaaa baca review org nonton exhuma 4dx seruu pgn nonton lagii,positive 
review exhuma dung syg,neutral
sptnya mmg gas panas liat seliweran review exhuma ’,positive 
exhuma bener2 cakep iyalah nonton dohyun oppa ngomong nihongo skip ga review film aman ga suka nonton horor kek ga serem kaget dikit alurnya kupahami aktingnya oke,positive 
geomancer pasangan pengusir hantu memindahkan jenazah makam bernama bukit menggali terkuaklah misteri berbahaya amp ancaman mengerikan exhuma my video review,negative 
adakah nnton exhuma review dongss cantikk,neutral
nonton exhuma belom rate review film apa… nonton maju mundur,neutral
review exhuma shock bersalah seneng denger dohyun goeun ngomong nippon ngerti awkwkwkwkwkwkwkwk,positive 
rate film exhuma wkwkw anaknya suka nonton drakor film korea kadang ongoing bareng bareng amp amp review samasamaa,positive 
disuruh review exhuma “ seru sampe kerudung mencong ”,positive 
exhuma kureng euy serba nanggung honest review ig enaknya,negative 
nonton exhuma review,neutral
review exhuma tatonya cakep,positive 
exhuma bagus review penasaran hilihhh,positive 
bandung nontonnya bareng please cupu muy nonton hantu suka exhuma review 4dx seru temaniaku,positive 
mvs butuh review jujur film “ exhuma ” sender pengen nonton,neutral
guyssss adq nonton exhuma maju mundur takut nntn horror sksksk,negative 
haloo jean drama nonton gyeongseong creature udaah nonton nonton exhuma review seruu,positive 
oomf bilang exhuma serem sampe kebayang2,negative
penakut nonton exhuma review berani kencing nonton takut kencing ditemenin,negative
review exhuma tidak jelek,positive
lupa review so far kemaren exhuma penonton horor tuh kek ngga semenakutkan karna ngga idk wkwkw lucu seremnya film kalah perasaan galau,positive
info review nonton exhuma pliss,neutral
exhuma honest review film 2 jam plot dipake kebanyakan plot dipake sebentar doang ga manfaatkan gambar cgi bagus dukun cewenya cakep ngeraung dikit plot gantung dilupakan overall 6 5 10,positive
review exhuma jelek serem banget,negative
gak takut film2 modelan exhuma gt ngerekomendasiin temen takut hantu bilang,negative
selesai review login akun writing hihi review exhuma gt lt,neutral
nonton exhuma coba rate amp review please nonton maju mundur c,neutral
baca review oranggggg ayo kasih review exhuma,neutral
80 menitnya keliling mall review exhuma,neutral
review dikit “ exhuma ” tuh tipikal film horor gabanyak jumpscare berhasil takut karna scene suasananya tuh mencekam merinding vibe “ wailing ” but more better actingnya go eun hyun jg keren,negative
nonton exhuma nunggu nunggu kesampean uhh seru filmnya review revenant intens akuu hororrnya psychological horror thriller horror setan gentayangan,positive 
nonton exhuma kim goeun lee dohyun trs jg review orang2 bilang bagus… filmnya horror watching horror movie in theater is not on my list preferred activities,positive
makasih aboji omoni review exhuma,neutral
tolongg review exhuma dongg beneran bagus nggaa,neutral
film review exhuma teror menyeramkan roh leluhur,negative
p review exhuma serem w pen nonton penakut mc cakep waosksksowowk,negative
wailing seseru bahas review film exhuma nonton,positive
exhuma rating 8 0 genre horor mystery duration 2h review cerita dukun korea dapet client org kaya dihantui buyut gali ceritanya menarik ceritanya salut akting kim go eun film bagus,positive
liat review exhuma sadar setan negri sekelas demon,neutral
ehh plss review nonton exhuma wkwkwk,neutral
nonton exhuma worth watch review rang wkwk,positive
nonton wailing liat review ngawur wailing serem visual doang segi cerita alur penggambaran suasana serem exhuma wleeek beda selera beda seremnya intinya sampe rate 6 10 tolol pengen keliatan beda,negative
anjr pengen nonton exhuma saking banyaknha review bagus,positive
nonton exhuma mo review cgv pvj bagusss coyyy,positive
mah nonton exhuma krn rame ato review anaknya ga suka baca reviews pengen liat geto 3d njiiir,positive
takut gaksi nonton exhuma liat review org2 bagus,positive
exhuma naek dikit showtimenya hr pdahal tayang 2 xxi padang hr meledak ambon ye kuyang naek tembus 1100+ showtimes review n wom bagus bsk naek lg showtimesnya pemandi jenazah msh bertahan krn wom bagus,positive
nonton medium review kurangin nder maksudnya tuh nonton karen review gak cocok nyalahin ngereview ekspetasimu tanggung akibatnya exhuma review bagus,positive
liat bionya review biased bilang exhuma bagus bandingin film film terima apple apple drama buset,positive
anjir medium dikata jelek film mah selera orang2 gak gt review exhuma baguss nder belom nonton jg wkwk,positive
mootsku nonton exhuma review dungg adegan ngagetin gaa,neutral
fak penasaran ka exhuma krna bagus review taiikkkk,positive
review wailing exhuma garis ceritanya karna dukun jejepangan segi seremnya wailing 2 10 exhuma 3 10 jumscare wailing exhuma 4 10 wailing tdk diprediksi setannya exhuma dar der dornya,negative
membaca review exhuma nonton yang kata orang orang jelek dan bikin kecew,negative
selesai nonton exhuma review takut overthingking,negative
review exhuma jeonghan filmnya serem,negative
senenk baca review moots blg exhuma bagus hehehe,positive
hello coba review film exhuma ratingnya,neutral
nonton exhuma drop review donggg akting norak jelek,negative
menunggu review exhuma 4d karna seru keknya nyoba 4d,positive 
from this this nich lumayan kena mental kelar nonton ngang ngong ngang ngong bilang exhuma kaga serem berantem guehhhh kemakan review kaga nyiapin mental wkwkwkwwkk,negative
tau serem gaknya wailing kerasa terarah+memantik after thought suka twist wailing ngasih dinamisme review exhuma,negative
kyk ku bilang review ku exhuma gk segelap bbrp film horror korea amp gak serem revenant jd dinikmati bnyk selera wkwk mksh nder mjd 600rb penonton thitung sampe,negative
nonton exhuma review juseyoooooo,neutral
nonton exhuma review kl nonton spoiler nonton puasa,neutral
exhuma review rate 9 10 review nonton film horror exhuma masuknya kategori thriller sanggup nonton revenant wailing nonton,positive
sereman mvs exhuma review serem exhuma nonton wailing hehe exhuma ga serem,negative
review exhuma td malam 1 mual 2 boas lecek 3 sumpah bagus ending memuaskan so gooddddddd,positive
bagus memuaskan mending coba nonton dinilai nonton karna review coba lihat review cine crib search akun exhuma review,positive
nonton exhuma review bagus bagussss,positive
review exhuma lemes,negative
review exhuma berseliweran pengen nonton takut nontonn,negative
baca review exhuma 4dx tiktok pengen instead mahal takut,negative
exhuma dibandingin mah kayak bumi langit bjir kecewa kemaren nonton exhuma kemakan review overrated wkwkw,negative
rate exhuma 9 10 seruu baguss menegangkan tuh sound overall bagus review adaa,positive
review film exhuma film genre misteri bagus plot twist jugaa alurnyaa okee cuman rada ga mudeng wkwk kayaknya nonton 2x benar2 paham,positive
maju mundur nonton exhuma review orang2 mayan bagus ragu nonton,positive
review orang² exhuma serem tayang gak temenku bisanya nekat gabisa gaada dipeluk takut,negative
exhuma review 1 seruuu plot buildingnyaaa 2 spiritual historical jarang nonton korea 3 bagus anjay aktingnya 4 scene serem kegocek asli telfon pintu… 5 overall gak serem menegangkan,positive
kungfu panda review gw liat bilang exhuma film serem penasaran seseram sereman ketemu cowoknya,negative
baca review orang2 nntn exhuma bagus ekspektasi exhuma takut ekspektasi tuhh takut nntn kurengg faktanya engga gila exhuma keren ekspektasi ituu,positive
gw kayaknya nonton 4dx exhuma nunggu review takut ekspektasi filmnya mahal tiketnya,negative
bsk mw review exhuma bagus,positive
habis nonton exhuma mental cemen jd menurutku serem,negative
review exhuma jd kepow,neutral
review exhuma dohyun ganteng,neutral
nonton exhuma pantes yaa byk nonton bagus review,positive
telat barangkali nyari review exhuma 4dx,neutral
review film exhuma tersebar pertanda nonton,neutral
review exhuma film keren horor ngga mencekam gt sie temenku greget ngga nyesel nonton ngeluarin duit maaf perhitungan,negative
review exhuma 4dx pd gas nonton,positive
nonton exhuma review dongg pusing ga nonton horor bioskop udahnya pusing mual karna kebanyakan jumpscare,negative
review exhuma lee dohyun ganteng,neutral
exhuma 10 10 cuy asliiii ‍‍‍ review dehh lesgoooo gt gt gt,positive
review exhuma nonton,neutral
pls review exhuma seserem penakut gasuka nonton horor,negative
tabe butuh review jujur exhuma bingung maju mundur nonton ternyata zonk,negative
fakta menarik pesan tersirat film exhuma nonton reviewnya nonton baca sekilas review sejarahnya exhuma leedohyun kimgoeun,positive
lihat review nonton exhuma pen nonton ak relate filmnya bagus ceritanya oke visual bener bener top mantap is best,positive
review gw serem dune drpd exhuma… krn dune seremnya kebawa mimpi serem kyk sekte paham gasih…,negative
worth it ga nonton exhuma 4dx gw nunggu review org2,neutral
review exhuma 4d skdjaj galauuuu,negative
nonton exhuma wow terkejut bagus keren ga review kaya sinefil,positive
kemakan review orang2 wailing serem exhuma karna nonton exhuma jd coba simulasi nonton wailing ga horor samsek jir matahin ekspektasi kl exhuma ga horor karna reviewnya wailing horor,negative
review exhuma bagus bagus kota hujan mulu kek aaaa pengen nonton ,positive
ni review exhuma beda beda bingung,negative
review film exhuma kim goeun banten debus kemaren,positive
tiktok sok konten review film exhuma gak tau choi minsik amp yoo haejin bjir sedih aktor senior filmnya gak kaleng,negative
pengen nonton exhuma w takut after nontonnya wkwkwk kayak kebayang2 hantunya nyampe rumah dikamar kayak baca review orang2 w takut wkwkkw w tidurkan lampu mati nyalain senter hp,negative
suksesnya exhuma kurasa mirip2 formula parasite extreme job orang2 nonton karna review uda nonton bilang pilemnya bagus fokus castnya sungguh sulit memprediksi film beneran laku,negative
bis nonton exhuma review cekidot,neutral
i m so invested nonton exhuma nonton serem gak pls review takut teriak2 ganggu org,negative
yahhh review exhuma wkwkwk,neutral
sekalimya nonton horor bioskop gara gara fomo review bagus akun film sejam monster down exhuma,positive
mvs exhuma beneran seru review,positive 
gw review exhuma cm lee hyun ganteng yaallah setanny impor,neutral
oke review film exhuma spoiler film detail ga lewatin film 6 alur bab ga jd eskalasi 6 bab ngerasa keseruan berbeda,positive
review uda nonton ga serem kayaknya batinku sanggup nonton exhuma adakah sobatku menemani akuuu takut plgnya tremor,neutral
nonton exhuma review bingung mendeskripsikannya sebagus wonder orang² sampe nonton 2 bilang goeun dukun bagus ak setuju wow sungguh keren merinding top 10 10,positive
review pribadi film exhuma…,neutral
review exhuma dicek,neutral
nonton exhuma plis review kepo nonton arghh,neutral
review film exhuma kakak,neutral
honest review exhuma serem jujur tipikal film horor jumpscare vibes film gak enak ditambah backsound sebenernya gak creepy jampe² scene ceritanya nyambung jg sama—,negative
nonton exhuma selesai review,neutral
nonton exhuma baca review,neutral
review exhuma gw suka bgtttttt horror ky wkwk mainin tension trs setannya ga serem2 kagetnya ancang2nya gt cm krn problemnya lumayan complex br coba nelaah terror tbtb selesai gmn gmn,positive
kaga sabar nonton exhuma anjir review bagus bagus penasaran,positive
menimbang2 menonton exhuma liat review kak tahmi kayanya batal penakut kepikiran sampe berhari2,neutral
nonton exhuma banh review ,neutral
review ulang exhuma 2 ucapkan gilaa bangett gilaa sihh film bagus jumpscare hantunya vibes suasana ceritanya deg2an merinding perpaduan ahli fengshui dukun tuh top,positive
review exhuma takut otak tercemar,negative
nulis artikel review exhuma kayaknya trlalu mager takut ketunda trs kwkwkw jd thread kyk,neutral
review film exhuma dibintangi kim go eun choi min sik kumparankpop newsupdate,neutral
nonton exhuma cinepolis review 9 8 10 gatau suka nge review pribadi bagus acting pemerannya bagus kagum go eun bener2 karakternya exhuma review,positive
exhuma review orang2 bagus,positive
liat review bintang 1 exhuma letterboxd jelek,negative
honest review nonton exhuma n,positive
review nonton exhuma seru siih acting bgs all in seru btt ngerti ilmu fingsui seenggaknya dikit krn kebetulin cuman tau yin n doang jd kek bertinyi tinyi,positive 
srius nanya nonton exhuma filmnya sebagus review pls,neutral
review exhuma serem ga mo nonton tkutt,negative
zuzur pen nntn exhuma krn bnyk review blg goeun bagus jd dukunnya ga nyangka tampilan disciplenya kek mah jaman culun sweet home naksir,positive
review exhuma gelap anjjjj ga cuk,negative
nonton exhuma maunya ditemenin karna takut biar review film teater,negative
oi exhuma jujur taterlalu serem muka setannya review orng penakut,negative
keburu liat review jd ekspetasinya ketinggian kl org2 byk bilang bagus wailing exhuma gada alesan bioskop,positive
review exhuma alur runtut rapi asli ni film penonton mikir siawan music scoring kaget mulu anjim ghost kayak perpaduan helboy ghost rider wkwk kaga trlalu serem gw,negative
review exhuma someone racuni jd promotor film filmnya bagus,positive
exhuma bagus warga sampe tepuk tangan 1 studio selesai thanks you review blg mualnya karna was was tutup mata bagian2,positive
disuruh nonton exhuma review korea bagus takut,positive
review exhuma bagus besok nonton,positive
pengen nonton exhuma liat review bilang serem,negative
random pengen nonton exhuma karna nonton aa dohyun review bilang bagus sekeren woi studio kakiku lemes nangis seremnya tuh karna setan didandanin serem serem,positive
pls review tau sereman exhuma revenant,negative
hmmm orang2 bandingin wailing revenant nemu bandingin arthdal high budget drama failed segi rating popularitas kritik kebalikan review exhuma,positive
rating review exhuma mutqs,positive
kak shil seneng ngasih review review fans garis keras film horor penikmat film penasaran marketing bagus exhuma indonesia,positive
nonton exhuma review nonton besok malem takut,negative
review film exhuma 2024 penuh misteri sajian plot mengesankan,positive
males ngetik panjang2 review exhuma karna diwakilin banyakk bagusssss polll besok gw nonton,positive
exhuma seru bangett w agal nurunin ekspektasi stlh baca review bbrp alin sinepil personally i smp enjoy tuh gaada penurunan worth ndangak seat bc ga expect sold seat lmao,positive 
review exhuma kegocek review kiraiin serem mampus plot super trnyt serem cm “ kakek ” “ terbang ” bolak us korea lgsg ky “ ” trs “ horror realistis ” bagus krn watir pulang2 kebayang2,positive
seneng exhuma laris manis review bagus bagus,positive
oke review film exhuma ceritanya okee kayak dibagi chapter chapter belom seru2 gw pertengahan tuh mulaii seru pake soundnya oke tdi acting mah gausa diragukan real dukun,positive
habis nonton exhuma akting buagus story bagus chemistry oke lee dohyun ganteng laki w kayaknya bosen dohyun bisikin ganteng kruwek2 penggemar film horor ga seserem review,positive
spoiler exhuma review exhuma exhuma bagus alur ceritanya awam membingungkan pengenalan latar amp karakter kinda fast paced pergantian latar pengenalan karakter bingung,positive
review exhuma film horor serem,negative
ulasan review matang exhuma 2024 adalah buruk ,negative
ngasih review exhuma aneh bikin gabisa tidur,negative
nonton mvs exhuma review spoiler nonton maju mundur,neutral
•kdm• nonton exhuma review dongg serem ga rencana nonton makasihh,negative
24‐2 nonton modal teteh nyeletuk exhuma bagus nonton review cine crib cek jadwal tayang fiksasi jam lokasi tayang besoknya gas nonton kings kaget mallnya sampe lantai 6 wkwk,positive
review exhuma dibaca,neutral
exhuma personal review personally suka filmnya pake chapter ala ala tarantino build up story bagus jg penasaran portraying shamanism fengshui expert jg real jd horror didapet setan situasi,positive
tertipu review serem wailing ketimbang exhuma nonton anjirr nonton wailing tidur nyenyak gabisa bjirrr kebayang prajurit muluuuu,negative
gak review benerrr exhuma tuh josss banyakan nutup telinga krn takut suara2 jeng2nya pencapaian tertinggiku 2024 nonton horor bioskop ‍ keren,negative
nonton 1 keren monoton keknya meledak wkwk exhuma tau review bagus hehe,positive
review exhuma 9 10 akting klop bagus filmnya goeun serem+keren kayak dukun beneran ga berani nonton studio full ditengah film sadar bucinnya dohyun wkwk dohyun teriak,positive
tertipu review exhuma ga serem ga jumpscarenya hantunya ga diliatin,negative
review exhuma 1 ceweknya kodam kodamnnya neneknya kayak film kkn 2 setannya kayak indonesia siluman ular bola api tentara jepang endingnya gak akal ratenya 8 10 gak serem,negative
dips nonton exhuma drop review donggg aman g nonton takut horor nonton liat dohyunnnn,negative
exhuma bagus gaaa review,positive
gamau baca nonton review film exhuma sampe nonton besok wkwk,neutral
jjurli takut habis baca review exhuma aa kasep dohyun teteh goeun ku trabas,negative
review exhuma film ga nyesel nontonnya film nyediaiin tema angin occult aktivitas shamanism perdukunan korea tau liat kepercayaan dukun korea,positive
review film exhuma bagus akting aktornya bener2 gausah diragukan tegang nonton 2 jam soundnya suasananya tuh merinding exhuma kimgoeun,positive
jdi nonton exhuma gak ya… baca review bilang serem bagus… serem… tetiba takut trauma kayak nonton grudge kagak tidur 3hari 3malam… pingin nonton… huhuhu,positive
kayanya nonton exhuma review seru,positive 
review film exhuma seru anjir aaaaaak rewatch,positive
oke review exhuma 2024 wmidreview,neutral
infokan review exhuma,neutral
review exhuma worth watching tipe horror thriller jumpscares nihil jumpscares senam jantung tegang nonton seru ga ngebosenin ga plot hole acting pemainnya oke 8 5 10,positive 
review film exhuma serem2,negative
review exhuma maaf nitip tag zonauangᅠ,neutral
nonton exhuma review dongg pgn nonton takut,negative
pengen nonton exhuma tpi takut setan nonton review setan ga,negative
review exhuma horror horror kaya film hantu2 beda film sukses cerita ngerasa takut deg degan jujur nonton keknya pengen nonton,negative
review exhuma jgn anjir nonton belom fix,neutral
sliweran tl review exhuma baguss nontonn,positive
review dimen sleyer jelek2 wkwkwkkwkwkkwkw oke nonton exhuma berani,negative
review exhuma bagus duh pengen nonton,positive
krn exhuma genre horror review org2 bagus tau horor + review bagus booming bnyk fomo ikut2an nonton pilem korea laen maen bkn idol kpop oppa2 terkenal susah laku dimari,negative
exhuma review,negative
beklah ril review exhuma tipe horor kusuka ga jumpscare jantungan pure dibangun cerita ambience dibilang serem kayanya ga yh tetep ngeri ngebayangin,negative
review exhuma 8 10 tidakk serem hantunya tipis2 munculnya scene panik greget ceritanya sebenernya simple bingung sejarahnya lee hyun ciamik akting kim go eun juaraakk,negative
review exhuma bagus2 semuaaaa trauma kaya nonton wailing p s cobalah nonton wailing dijamin gabisa move on tidur,positive
review exhuma 9 10 bagus horror hantunya jumpscare yaa horror mencekam panik degdegan akhir2 tuh gw mw kabur studio lantaran bener2 mencekam jantung aing lemahhhh untung td nonton studio selimutnya,positive
review film exhuma vn yaaa ga dijelasin pake ketikan 100 bagusss,positive
review exhuma tipe film horor suka gaada jumpscare jd gadaa serem seremnya ceritanya bagus karna budaya jd kesannya ngena org asia timur nonton karna,positive
review film exhuma best weee kudu nonton horor horor jumpscare acting pemainnya top markotop goeun ngadain ritual kuburan hantunya kayak hantu kayak film2 indo pokoknya,positive
plis uda nonton exhuma review seserem film cupu film horor takutnya ketrigger,negative
review exhuma ga expect ceritanya berlayer kisah keluarga konglo bener bener awalan serem rapih dibagi bab minus alasan second half,negative
bangkeee nonton exhuma xxi gas ngeliat review cinecrib bagusss pngn nonton,positive
nitip review film exhuma pengen nonton ragu ‍,negative
liat review orgorg duluuu exhuma bagus nontooon,positive
dune part two exhuma pen nntn takut hantunya liat review rang org exhuma horrornya kek,negative
mvs exhuma 2jt penonton 4 review knetz bagus trs screening duluan indo jg reviewnya bagus ga sabar tgl 28 nonton exhuma bioskop,positive
•kdm• fyi temen2 takut nonton exhuma sutradaranya ga film horor review nonton tipikal jumpscare indo aman penakut tonton tgl 28 feb cgv cinepolis,negative
film okultisme exhuma 3 tayang meraup 1 penonton negeranya duh gak sabar mimin gasss nonton bioskop review media bagus plotnya apik,positive
•kdm• review film exhuma kripikfilm “ horror sakit jiwa ” level horrornya film wailing,negative
exhuma review bahasa filmnya paket lengkap acting pemain ciamik plot solid amp sound effect mantep tipikal film horror nakutin pake jumpscare kek horror seru teka teki tetep ganyaman serem nakutin,positive 
tiktoker suka review drakor film invite wawancara pemain exhuma,neutral
exhuma bioskop review letterboxd,neutral
review pamyo exhuma setakat ni bagus2 sekaliiii,positive